{"cameraMode":{"drawMode":2,"name":"Shaded Wireframe","section":"Shading Mode"},"sceneLighting":false,"audioPlay":false,"sceneViewState":{"showFog":true,"showMaterialUpdate":false,"showSkybox":true,"showFlares":true,"showImageEffects":true,"showParticleSystems":true},"in2DMode":false,"pivot":{"x":70.8834457397461,"y":-65.57649230957031,"z":111.33222961425781},"rotation":{"x":0.23157569766044618,"y":0.25828683376312258,"z":-0.06194886192679405,"w":0.9370018839836121},"size":83.92993927001953,"orthographic":false}