{"cameraMode":{"drawMode":2,"name":"Shaded Wireframe","section":"Shading Mode"},"sceneLighting":false,"audioPlay":false,"sceneViewState":{"showFog":true,"showMaterialUpdate":false,"showSkybox":false,"showFlares":true,"showImageEffects":true,"showParticleSystems":true},"in2DMode":false,"pivot":{"x":-73.68136596679688,"y":75.17667388916016,"z":-333.2841796875},"rotation":{"x":-0.21646469831466676,"y":0.3702865242958069,"z":-0.09601892530918122,"w":-0.899132251739502},"size":13.403022766113282,"orthographic":false}