{"cameraMode":{"drawMode":2,"name":"Shaded Wireframe","section":"Shading Mode"},"sceneLighting":false,"audioPlay":false,"sceneViewState":{"showFog":true,"showMaterialUpdate":false,"showSkybox":false,"showFlares":true,"showImageEffects":true,"showParticleSystems":true},"in2DMode":false,"pivot":{"x":32.98093795776367,"y":-1.0240345001220704,"z":-27.251365661621095},"rotation":{"x":0.20069511234760285,"y":0.3295850455760956,"z":-0.06353626400232315,"w":0.921209454536438},"size":12.124356269836426,"orthographic":false}