{"cameraMode":{"drawMode":2,"name":"Shaded Wireframe","section":"Shading Mode"},"sceneLighting":false,"audioPlay":false,"sceneViewState":{"showFog":true,"showMaterialUpdate":false,"showSkybox":false,"showFlares":true,"showImageEffects":true,"showParticleSystems":true},"in2DMode":false,"pivot":{"x":4.908668518066406,"y":3.4519309997558595,"z":-47.00272750854492},"rotation":{"x":0.2127520740032196,"y":-0.6258456707000732,"z":0.19115164875984193,"w":0.7265735268592835},"size":939.6183471679688,"orthographic":false}